Time,Speed,RPM,Throttle Position
1390080593645,0.0,587,0.78431372549
1390080593795,0.0,592,0.78431372549
1390080593946,0.0,602,0.78431372549
1390080594096,0.0,590,0.78431372549
1390080594247,0.0,596,0.78431372549
1390080594398,0.0,603,0.78431372549
1390080594548,0.0,604,0.78431372549
1390080594699,0.0,604,0.78431372549
1390080594850,0.0,602,0.78431372549
1390080595000,0.0,611,0.78431372549
1390080595151,0.0,697,0.78431372549
1390080595301,0.0,871,1.17647058824
1390080595451,0.0,1130,1.17647058824
1390080595601,0.0,1428,1.56862745098
1390080595751,0.0,1695,1.56862745098
1390080595901,0.62,1910,1.56862745098
1390080596051,1.24,2038,1.56862745098
1390080596201,2.48,2105,1.56862745098
1390080596351,3.72,2151,1.56862745098
1390080596502,4.96,2218,1.56862745098
1390080596654,6.82,2285,1.56862745098
1390080596805,8.06,2335,1.56862745098
1390080596956,9.3,2397,1.56862745098
1390080597108,10.54,2361,0.78431372549
1390080597260,11.78,1993,0.78431372549
1390080597411,12.4,1984,0.78431372549
1390080597562,12.4,1893,0.78431372549
1390080597714,12.4,1727,0.78431372549
1390080597867,12.4,1547,0.78431372549
1390080598018,12.4,1385,0.78431372549
1390080598169,12.4,1222,0.78431372549
1390080598322,12.4,1077,0.78431372549
1390080598473,12.4,1000,0.78431372549
1390080598625,12.4,1070,0.78431372549
1390080598777,11.78,1103,0.78431372549
1390080598928,11.78,1098,0.78431372549
1390080599079,11.78,1182,1.17647058824
1390080599230,11.78,1371,1.17647058824
1390080599382,11.16,1741,1.17647058824
1390080599532,11.16,2074,1.17647058824
1390080599684,10.54,2210,1.17647058824
1390080599834,10.54,2115,1.17647058824
1390080599985,11.16,2038,1.17647058824
1390080600137,11.78,2169,1.17647058824
1390080600288,11.78,2302,1.56862745098
1390080600439,12.4,2447,1.56862745098
1390080600592,13.02,2612,1.56862745098
1390080600744,13.64,2683,1.56862745098
1390080600895,14.88,2929,1.56862745098
1390080601046,16.12,3129,1.96078431373
1390080601196,16.74,3240,1.96078431373
1390080601348,17.98,3450,1.96078431373
1390080601500,18.6,3646,1.96078431373
1390080601650,19.84,3798,1.56862745098
1390080601802,21.08,3798,0.78431372549
1390080601952,21.7,3688,0.78431372549
1390080602105,21.7,3506,0.78431372549
1390080602256,21.7,3290,1.17647058824
1390080602406,21.7,3026,1.17647058824
1390080602556,21.7,2788,1.56862745098
1390080602708,22.32,2374,1.56862745098
1390080602859,22.32,2596,1.96078431373
1390080603011,22.94,2644,1.96078431373
1390080603163,23.56,2683,1.96078431373
1390080603313,24.8,2794,1.96078431373
1390080603465,25.42,2889,1.96078431373
1390080603616,26.66,2983,1.96078431373
1390080603767,27.28,3076,1.96078431373
1390080603918,28.52,3184,1.96078431373
1390080604069,29.14,3232,1.17647058824
1390080604222,29.76,3114,0.78431372549
1390080604373,30.38,3026,0.78431372549
1390080604524,30.38,2850,0.78431372549
1390080604676,30.38,2661,0.78431372549
1390080604829,29.76,2485,0.78431372549
1390080604980,29.76,2310,0.78431372549
1390080605130,29.76,2129,0.78431372549
1390080605281,29.76,1963,0.78431372549
1390080605433,29.76,1792,0.78431372549
1390080605584,29.14,1620,0.78431372549
1390080605737,29.14,1447,0.78431372549
1390080605889,29.14,1289,0.78431372549
1390080606041,29.14,1131,0.78431372549
1390080606192,29.14,996,0.78431372549
1390080606342,28.52,1001,0.78431372549
1390080606495,28.52,1049,0.78431372549
1390080606646,28.52,1079,0.78431372549
1390080606797,28.52,1086,0.78431372549
1390080606950,27.9,1094,0.78431372549
1390080607101,27.9,1105,0.78431372549
1390080607251,27.9,1112,0.78431372549
1390080607402,27.28,1113,0.78431372549
1390080607554,27.28,1114,0.78431372549
1390080607704,26.66,1100,0.78431372549
1390080607856,26.66,1077,0.78431372549
1390080608007,26.04,1059,0.78431372549
1390080608158,25.42,1044,0.78431372549
1390080608309,25.42,1028,0.78431372549
1390080608460,24.8,1017,0.78431372549
1390080608611,24.18,1011,0.78431372549
1390080608762,23.56,1002,0.78431372549
1390080608914,23.56,1000,0.78431372549
1390080609065,22.94,992,0.78431372549
1390080609217,22.94,992,0.78431372549
1390080609370,22.94,988,0.78431372549
1390080609522,22.94,980,0.78431372549
1390080609672,22.94,968,0.78431372549
1390080609825,22.94,960,0.78431372549
1390080609978,22.32,958,0.78431372549
1390080610129,22.32,943,0.78431372549
1390080610280,22.32,937,0.78431372549
1390080610432,22.32,926,0.78431372549
1390080610583,22.32,914,0.78431372549
1390080610734,22.32,905,0.78431372549
1390080610886,21.7,896,0.78431372549
1390080611039,21.7,898,0.78431372549
1390080611191,21.7,885,0.78431372549
1390080611342,21.7,877,0.78431372549
1390080611493,21.7,863,0.78431372549
1390080611644,21.7,857,0.78431372549
1390080611794,21.7,841,0.78431372549
1390080611945,21.7,831,0.78431372549
1390080612096,21.08,831,0.78431372549
1390080612249,21.08,818,0.78431372549
1390080612400,21.08,821,0.78431372549
1390080612552,21.08,816,0.78431372549
1390080612703,21.08,826,0.78431372549
1390080612855,20.46,837,0.78431372549
1390080613007,20.46,837,0.78431372549
1390080613158,20.46,834,0.78431372549
1390080613311,20.46,840,0.78431372549
1390080613462,19.84,852,0.78431372549
1390080613613,19.84,865,0.78431372549
1390080613765,19.84,877,0.78431372549
1390080613916,19.84,891,0.78431372549
1390080614068,19.22,890,0.78431372549
1390080614219,19.22,901,0.78431372549
1390080614371,19.22,907,0.78431372549
1390080614522,18.6,915,0.78431372549
1390080614674,18.6,922,0.78431372549
1390080614826,17.98,932,0.78431372549
1390080614979,17.98,938,0.78431372549
1390080615130,17.36,936,0.78431372549
1390080615282,16.74,932,0.78431372549
1390080615434,16.74,923,0.78431372549
1390080615585,16.12,908,0.78431372549
1390080615735,16.12,896,0.78431372549
1390080615887,15.5,883,0.78431372549
1390080616039,14.88,868,0.78431372549
1390080616190,14.88,859,0.78431372549
1390080616343,14.26,844,0.78431372549
1390080616494,14.26,831,0.78431372549
1390080616645,14.26,819,0.78431372549
1390080616796,13.64,823,0.78431372549
1390080616947,13.64,807,0.78431372549
1390080617099,13.64,813,0.78431372549
1390080617251,13.64,812,0.78431372549
1390080617402,13.64,816,0.78431372549
1390080617554,13.64,822,0.78431372549
1390080617705,13.02,819,0.78431372549
1390080617858,13.02,825,0.78431372549
1390080618008,13.02,831,0.78431372549
1390080618160,13.02,829,0.78431372549
1390080618311,12.4,836,0.78431372549
1390080618462,11.78,832,0.78431372549
1390080618613,11.78,820,0.78431372549
1390080618765,11.16,823,0.78431372549
1390080618917,10.54,800,0.78431372549
1390080619070,10.54,793,0.78431372549
1390080619221,9.92,789,0.78431372549
1390080619372,9.3,793,0.78431372549
1390080619524,8.68,780,0.78431372549
1390080619676,8.06,780,0.78431372549
1390080619827,8.06,781,0.78431372549
1390080619979,7.44,780,0.78431372549
1390080620129,7.44,773,0.78431372549
1390080620281,7.44,785,0.78431372549
1390080620434,6.82,789,0.78431372549
1390080620586,6.82,792,0.78431372549
1390080620737,6.82,790,0.78431372549
1390080620888,6.82,797,0.78431372549
1390080621040,6.82,793,0.78431372549
1390080621193,6.82,799,0.78431372549
1390080621345,6.82,799,0.78431372549
1390080621497,6.82,787,0.78431372549
1390080621648,6.2,775,0.78431372549
1390080621800,6.2,762,0.78431372549
1390080621951,6.2,768,0.78431372549
1390080622102,6.2,757,0.78431372549
1390080622252,6.2,756,0.78431372549
1390080622405,6.2,758,0.78431372549
1390080622556,5.58,766,0.78431372549
1390080622707,5.58,772,0.78431372549
1390080622860,5.58,785,0.78431372549
1390080623011,5.58,789,0.78431372549
1390080623162,5.58,782,0.78431372549
1390080623314,5.58,783,0.78431372549
1390080623467,4.96,778,0.78431372549
1390080623618,4.96,773,0.78431372549
1390080623769,4.96,766,0.78431372549
1390080623919,4.96,749,0.78431372549
1390080624070,4.96,734,0.78431372549
1390080624222,4.96,731,0.78431372549
1390080624373,4.96,727,0.78431372549
1390080624525,4.34,728,0.78431372549
1390080624676,4.34,725,0.78431372549
1390080624828,4.34,724,0.78431372549
1390080624980,4.34,733,0.78431372549
1390080625133,4.34,748,0.78431372549
1390080625284,4.34,758,0.78431372549
1390080625436,4.34,768,0.78431372549
1390080625589,4.34,752,0.78431372549
1390080625741,4.34,755,0.78431372549
1390080625892,4.34,745,0.78431372549
1390080626045,4.34,728,0.78431372549
1390080626195,4.34,719,0.78431372549
1390080626347,4.34,704,0.78431372549
1390080626499,4.34,702,0.78431372549
1390080626651,4.34,707,0.78431372549
1390080626803,3.72,713,0.78431372549
1390080626954,3.72,667,0.78431372549
1390080627106,3.72,665,0.78431372549
1390080627257,3.72,658,0.78431372549
1390080627409,3.72,649,0.78431372549
1390080627560,3.72,653,0.78431372549
1390080627711,3.72,649,0.78431372549
1390080627862,3.72,641,0.78431372549
1390080628014,3.72,647,0.78431372549
1390080628165,3.72,640,0.78431372549
1390080628317,3.72,631,0.78431372549
1390080628468,3.72,636,0.78431372549
1390080628619,3.1,624,0.78431372549
1390080628770,3.1,639,0.78431372549
1390080628921,3.1,630,0.78431372549
1390080629073,3.1,612,0.78431372549
1390080629224,3.1,629,0.78431372549
1390080629374,3.1,631,0.78431372549
1390080629525,3.1,625,0.78431372549
1390080629677,2.48,617,0.78431372549
1390080629828,2.48,626,0.78431372549
1390080629979,2.48,631,0.78431372549
1390080630131,2.48,625,0.78431372549
1390080630283,2.48,624,0.78431372549
1390080630435,2.48,627,0.78431372549
1390080630586,2.48,625,0.78431372549
1390080630738,2.48,628,0.78431372549
1390080630889,1.86,632,0.78431372549
1390080631041,1.86,633,0.78431372549
1390080631191,1.86,613,0.78431372549
1390080631342,1.86,616,0.78431372549
1390080631494,1.86,611,0.78431372549
1390080631645,1.86,600,0.78431372549
1390080631797,1.86,606,0.78431372549
1390080631949,1.86,620,0.78431372549
1390080632101,1.86,614,0.78431372549
1390080632253,1.86,615,0.78431372549
1390080632403,1.86,612,0.78431372549
1390080632554,1.24,613,0.78431372549
1390080632706,1.24,612,0.78431372549
1390080632857,1.24,621,0.78431372549
1390080633009,1.24,618,0.78431372549
1390080633160,1.24,612,0.78431372549
1390080633312,1.24,623,0.78431372549
1390080633463,1.24,609,0.78431372549
1390080633613,1.24,613,0.78431372549
1390080633764,1.24,617,0.78431372549
1390080633915,1.24,607,0.78431372549
1390080634067,1.24,613,0.78431372549
1390080634219,1.24,609,0.78431372549
1390080634370,1.24,607,0.78431372549
1390080634521,1.24,608,0.78431372549
1390080634673,1.24,608,0.78431372549
1390080634824,1.24,605,0.78431372549
1390080634975,1.24,617,0.78431372549
1390080635128,1.24,597,0.78431372549
1390080635280,0.62,615,0.78431372549
1390080635431,0.62,614,0.78431372549
1390080635582,0.62,595,0.78431372549
1390080635734,0.62,602,0.78431372549
1390080635886,0.62,599,0.78431372549
1390080636038,0.62,586,0.78431372549
1390080636189,0.62,575,0.78431372549
1390080636340,0.62,579,0.78431372549
1390080636492,0.62,581,0.78431372549
1390080636643,0.62,595,0.78431372549
1390080636794,0.62,586,0.78431372549
1390080636946,0.0,602,0.78431372549
1390080637098,0.0,602,0.78431372549
1390080637249,0.0,602,0.78431372549
1390080637401,0.0,585,0.78431372549
1390080637553,0.0,594,0.78431372549
1390080637705,0.0,595,0.78431372549
1390080637856,0.0,590,0.78431372549
1390080638008,0.0,595,0.78431372549
1390080638160,0.0,596,0.78431372549
1390080638312,0.0,594,0.78431372549
1390080638463,0.0,602,0.78431372549
1390080638614,0.0,583,0.78431372549
1390080638767,0.0,579,0.78431372549
1390080638920,0.0,617,0.78431372549
1390080639071,0.0,823,1.17647058824
1390080639223,0.0,1221,0.78431372549
1390080639374,0.0,1630,0.78431372549
1390080639525,0.0,1662,0.78431372549
1390080639675,0.0,1549,0.78431372549
1390080639826,0.0,1380,0.78431372549
1390080639978,0.0,1242,0.78431372549
1390080640130,0.0,1109,0.78431372549
1390080640282,0.0,984,0.78431372549
1390080640433,0.0,884,0.78431372549
1390080640584,0.0,833,0.78431372549
1390080640737,0.0,780,0.78431372549
1390080640889,0.0,723,0.78431372549
1390080641039,0.0,686,0.78431372549
1390080641190,0.0,680,0.78431372549
1390080641342,0.0,681,0.78431372549
1390080641493,0.0,681,0.78431372549
1390080641644,0.0,673,0.78431372549
1390080641797,0.0,672,0.78431372549
1390080641949,0.0,670,0.78431372549
1390080642101,0.0,662,0.78431372549
1390080642253,0.0,647,0.78431372549
1390080642404,0.0,649,0.78431372549
1390080642554,0.0,647,0.78431372549
1390080642705,0.0,641,0.78431372549
1390080642856,0.0,644,0.78431372549
1390080643007,0.0,633,0.78431372549
1390080643160,0.0,635,0.78431372549
1390080643311,0.0,631,0.78431372549
1390080643463,0.0,626,0.78431372549
1390080643615,0.0,627,0.78431372549
1390080643767,0.0,618,0.78431372549
1390080643918,0.0,618,0.78431372549
1390080644070,0.0,617,0.78431372549
1390080644221,0.0,612,0.78431372549
1390080644374,0.0,621,0.78431372549
1390080644525,0.0,614,0.78431372549
1390080644677,0.0,602,0.78431372549
1390080644830,0.0,609,0.78431372549
1390080644982,0.0,613,0.78431372549
1390080645136,0.0,605,0.78431372549
1390080645288,0.0,605,0.78431372549
1390080645440,0.0,605,0.78431372549
1390080645592,0.0,596,0.78431372549
1390080645742,0.0,594,0.78431372549
1390080645894,0.0,594,0.78431372549
1390080646046,0.0,591,0.78431372549
1390080646199,0.0,597,0.78431372549
1390080646350,0.0,602,0.78431372549
1390080646502,0.0,601,0.78431372549
1390080646654,0.0,598,0.78431372549
1390080646806,0.0,597,0.78431372549
1390080646957,0.0,597,0.78431372549
1390080647108,0.0,599,0.78431372549
1390080647259,0.0,599,0.78431372549
1390080647410,0.0,601,0.78431372549
1390080647561,0.0,599,0.78431372549
1390080647713,0.0,601,0.78431372549
1390080647864,0.0,595,0.78431372549
1390080648015,0.0,593,0.78431372549
1390080648165,0.0,600,0.78431372549
1390080648316,0.0,597,0.78431372549
1390080648467,0.0,592,0.78431372549
1390080648618,0.0,588,0.78431372549
1390080648770,0.0,598,0.78431372549
1390080648922,0.0,593,0.78431372549
1390080649072,0.0,598,0.78431372549
1390080649223,0.0,607,0.78431372549
1390080649374,0.0,599,0.78431372549
1390080649526,0.0,601,0.78431372549
1390080649677,0.0,610,0.78431372549
1390080649828,0.0,605,0.78431372549
1390080649979,0.0,597,0.78431372549
1390080650130,0.0,602,0.78431372549
1390080650282,0.0,611,0.78431372549
1390080650434,0.0,608,0.78431372549
1390080650586,0.0,622,0.78431372549
1390080650739,0.0,605,0.78431372549
1390080650890,0.0,607,0.78431372549
1390080651040,0.0,616,0.78431372549
1390080651190,0.0,613,0.78431372549
1390080651342,0.0,603,0.78431372549
1390080651493,0.0,606,0.78431372549
1390080651644,0.0,615,0.78431372549
1390080651796,0.0,597,0.78431372549
1390080651949,0.0,608,0.78431372549
1390080652102,0.0,612,0.78431372549
1390080652252,0.0,612,0.78431372549
1390080652403,0.62,611,0.78431372549
1390080652555,0.62,605,0.78431372549
1390080652706,0.62,610,0.78431372549
1390080652857,0.62,611,0.78431372549
1390080653009,0.62,608,0.78431372549
1390080653161,0.62,614,0.78431372549
1390080653313,0.62,605,0.78431372549
1390080653463,0.62,609,0.78431372549
1390080653613,0.62,598,0.78431372549
1390080653764,0.0,606,0.78431372549
1390080653915,0.0,601,0.78431372549
1390080654066,0.0,602,0.78431372549
1390080654217,0.0,600,0.78431372549
1390080654369,0.0,611,0.78431372549
1390080654521,0.0,601,0.78431372549
1390080654671,0.0,597,0.78431372549
1390080654822,0.0,594,0.78431372549
1390080654974,0.0,605,0.78431372549
1390080655126,0.0,601,0.78431372549
1390080655277,0.0,597,0.78431372549
1390080655429,0.0,603,0.78431372549
1390080655581,0.0,604,0.78431372549
1390080655733,0.0,590,0.78431372549
1390080655885,0.0,603,0.78431372549
1390080656036,0.0,601,0.78431372549
1390080656187,0.0,602,0.78431372549
1390080656338,0.0,597,0.78431372549
1390080656491,0.0,593,0.78431372549
1390080656642,0.0,600,0.78431372549
1390080656792,0.0,602,0.78431372549
1390080656942,0.0,604,0.78431372549
1390080657092,0.0,605,0.78431372549
1390080657242,0.0,602,0.78431372549
1390080657392,0.0,600,0.78431372549
1390080657542,0.0,604,0.78431372549
1390080657692,0.0,602,0.78431372549
1390080657843,0.0,604,0.78431372549
1390080657993,0.0,605,0.78431372549
1390080658143,0.0,600,0.78431372549
1390080658295,0.0,595,0.78431372549
1390080658446,0.0,598,0.78431372549
1390080658597,0.0,583,0.78431372549
1390080658749,0.0,602,0.78431372549
1390080658900,0.0,601,0.78431372549
1390080659050,0.0,587,0.78431372549
1390080659200,0.0,606,0.78431372549
1390080659354,0.0,610,0.78431372549
1390080659506,0.0,598,0.78431372549
1390080659658,0.0,597,0.78431372549
1390080659810,0.0,610,0.78431372549
1390080659963,0.0,601,0.78431372549
1390080660114,0.0,600,0.78431372549
1390080660266,0.0,594,0.78431372549
1390080660417,0.0,593,0.78431372549
1390080660569,0.0,599,0.78431372549
1390080660721,0.0,595,0.78431372549
1390080660872,0.0,593,0.78431372549
1390080661022,0.0,601,0.78431372549
1390080661172,0.0,604,0.78431372549
1390080661323,0.0,591,0.78431372549
1390080661474,0.0,600,0.78431372549
1390080661625,0.0,604,0.78431372549
1390080661776,0.0,600,0.78431372549
1390080661928,0.0,598,0.78431372549
1390080662080,0.0,601,0.78431372549
1390080662231,0.0,605,0.78431372549
1390080662383,0.0,606,0.78431372549
1390080662533,0.0,601,0.78431372549
1390080662685,0.0,598,0.78431372549
1390080662836,0.0,606,0.78431372549
1390080662987,0.0,604,0.78431372549
1390080663139,0.0,600,0.78431372549
1390080663289,0.0,601,0.78431372549
1390080663440,0.0,601,0.78431372549
1390080663592,0.0,597,0.78431372549
1390080663744,0.0,606,0.78431372549
1390080663895,0.0,604,0.78431372549
1390080664047,0.0,597,0.78431372549
1390080664197,0.0,610,0.78431372549
1390080664349,0.0,603,0.78431372549
1390080664499,0.0,596,0.78431372549
1390080664652,0.0,607,0.78431372549
1390080664803,0.0,601,0.78431372549
1390080664954,0.0,592,0.78431372549
1390080665105,0.0,598,0.78431372549
1390080665258,0.0,600,0.78431372549
1390080665408,0.0,602,0.78431372549
1390080665559,0.0,602,0.78431372549
1390080665711,0.0,595,0.78431372549
1390080665862,0.0,607,0.78431372549
1390080666014,0.0,604,0.78431372549
1390080666165,0.0,610,0.78431372549
1390080666315,0.0,598,0.78431372549
1390080666465,0.0,598,0.78431372549
1390080666615,0.0,606,0.78431372549
1390080666766,0.0,599,0.78431372549
1390080666917,0.0,599,0.78431372549
1390080667068,0.0,602,0.78431372549
1390080667221,0.0,595,0.78431372549
1390080667371,0.0,596,0.78431372549
1390080667522,0.0,604,0.78431372549
1390080667673,0.0,590,0.78431372549
1390080667825,0.0,599,0.78431372549
1390080667976,0.0,606,0.78431372549
1390080668128,0.0,609,0.78431372549
1390080668279,0.0,602,0.78431372549
1390080668430,0.0,602,0.78431372549
1390080668581,0.0,604,0.78431372549
1390080668734,0.0,609,0.78431372549
1390080668886,0.0,605,0.78431372549
1390080669038,0.0,606,0.78431372549
1390080669189,0.0,604,0.78431372549
1390080669340,0.0,609,0.78431372549
1390080669490,0.0,607,0.78431372549
1390080669642,0.0,595,0.78431372549
1390080669794,0.0,604,0.78431372549
1390080669946,0.0,592,0.78431372549
1390080670098,0.0,597,0.78431372549
1390080670249,0.0,606,0.78431372549
1390080670399,0.0,597,0.78431372549
1390080670551,0.0,594,0.78431372549
1390080670702,0.0,607,0.78431372549
1390080670855,0.0,611,0.78431372549
1390080671007,0.0,605,0.78431372549
1390080671157,0.0,600,0.78431372549
1390080671307,0.0,610,0.78431372549
1390080671458,0.0,614,0.78431372549
1390080671608,0.0,612,0.78431372549
1390080671758,0.0,600,0.78431372549
1390080671909,0.0,610,0.78431372549
1390080672060,0.0,599,0.78431372549
1390080672212,0.0,594,0.78431372549
1390080672362,0.0,600,0.78431372549
1390080672513,0.0,593,0.78431372549
1390080672666,0.0,594,0.78431372549
1390080672817,0.0,604,0.78431372549
1390080672968,0.0,595,0.78431372549
1390080673118,0.0,607,0.78431372549
1390080673269,0.0,606,0.78431372549
1390080673421,0.0,596,0.78431372549
1390080673572,0.0,610,0.78431372549
1390080673722,0.0,599,0.78431372549
1390080673873,0.0,603,0.78431372549
1390080674025,0.0,606,0.78431372549
1390080674175,0.0,608,0.78431372549
1390080674327,0.0,610,0.78431372549
1390080674478,0.0,595,0.78431372549
1390080674629,0.0,603,0.78431372549
1390080674781,0.0,606,0.78431372549
1390080674931,0.0,598,0.78431372549
1390080675081,0.0,603,0.78431372549
1390080675232,0.0,602,0.78431372549
1390080675382,0.0,597,0.78431372549
1390080675532,0.0,603,0.78431372549
1390080675682,0.0,600,0.78431372549
1390080675832,0.0,603,0.78431372549
1390080675982,0.0,603,0.78431372549
1390080676132,0.0,607,0.78431372549
1390080676284,0.0,606,0.78431372549
1390080676436,0.0,595,0.78431372549
1390080676588,0.0,606,0.78431372549
1390080676739,0.0,598,0.78431372549
1390080676891,0.0,600,0.78431372549
1390080677042,0.0,602,0.78431372549
1390080677193,0.0,599,0.78431372549
1390080677345,0.0,605,0.78431372549
1390080677497,0.0,605,0.78431372549
1390080677648,0.0,595,0.78431372549
1390080677799,0.0,607,0.78431372549
1390080677950,0.0,601,0.78431372549
1390080678103,0.0,598,0.78431372549
1390080678254,0.0,603,0.78431372549
1390080678405,0.0,592,0.78431372549
1390080678557,0.0,599,0.78431372549
1390080678708,0.0,612,0.78431372549
1390080678858,0.0,585,0.78431372549
1390080679008,0.0,604,0.78431372549
1390080679160,0.0,616,0.78431372549
1390080679312,0.0,601,0.78431372549
1390080679463,0.0,605,0.78431372549
1390080679614,0.0,600,0.78431372549
1390080679766,0.0,615,0.78431372549
1390080679919,0.0,597,0.78431372549
1390080680070,0.0,610,0.78431372549
1390080680222,0.0,597,0.78431372549
1390080680373,0.0,592,0.78431372549
1390080680527,0.0,612,0.78431372549
1390080680678,0.0,607,0.78431372549
1390080680829,0.0,601,0.78431372549
1390080680980,0.0,601,0.78431372549
1390080681132,0.0,599,0.78431372549
1390080681283,0.0,602,0.78431372549
1390080681436,0.0,602,0.78431372549
1390080681587,0.0,598,0.78431372549
1390080681739,0.0,609,0.78431372549
1390080681891,0.0,606,0.78431372549
1390080682042,0.0,602,0.78431372549
1390080682193,0.0,612,0.78431372549
1390080682344,0.0,608,0.78431372549
1390080682495,0.0,608,0.78431372549
1390080682646,0.0,600,0.78431372549
1390080682799,0.0,604,0.78431372549
1390080682950,0.0,606,0.78431372549
1390080683100,0.0,616,0.78431372549
1390080683250,0.0,601,0.78431372549
1390080683402,0.0,603,0.78431372549
1390080683552,0.0,605,0.78431372549
1390080683703,0.0,594,0.78431372549
1390080683855,0.0,608,0.78431372549
1390080684006,0.0,588,0.78431372549
1390080684156,0.0,584,0.78431372549
1390080684306,0.0,608,0.78431372549
1390080684457,0.0,612,0.78431372549
1390080684608,0.0,603,0.78431372549
1390080684760,0.0,611,0.78431372549
1390080684912,0.0,608,0.78431372549
1390080685065,0.0,623,0.78431372549
1390080685217,0.0,594,0.78431372549
1390080685369,0.0,607,0.78431372549
1390080685521,0.0,617,0.78431372549
1390080685674,0.0,606,0.78431372549
1390080685825,0.0,598,0.78431372549
1390080685976,0.0,670,0.78431372549
1390080686127,0.0,851,1.17647058824
1390080686278,0.0,1082,1.17647058824
1390080686429,0.62,1250,0.78431372549
1390080686581,0.62,1235,0.78431372549
1390080686732,1.24,1018,0.78431372549
1390080686883,1.24,809,0.78431372549
1390080687035,1.86,789,0.78431372549
1390080687187,1.86,803,0.78431372549
1390080687338,2.48,777,0.78431372549
1390080687490,2.48,760,0.78431372549
1390080687642,2.48,744,0.78431372549
1390080687792,2.48,736,0.78431372549
1390080687944,2.48,731,0.78431372549
1390080688095,2.48,721,0.78431372549
1390080688246,2.48,703,0.78431372549
1390080688397,2.48,703,0.78431372549
1390080688548,2.48,696,0.78431372549
1390080688699,2.48,681,0.78431372549
1390080688851,2.48,681,0.78431372549
1390080689003,2.48,674,0.78431372549
1390080689154,2.48,670,0.78431372549
1390080689305,3.1,665,0.78431372549
1390080689456,3.1,671,0.78431372549
1390080689606,3.1,653,0.78431372549
1390080689758,3.1,680,0.78431372549
1390080689909,3.72,785,0.78431372549
1390080690062,3.72,873,0.78431372549
1390080690213,4.34,926,1.17647058824
1390080690364,4.96,1053,1.17647058824
1390080690516,5.58,1163,1.17647058824
1390080690668,6.2,1231,1.17647058824
1390080690818,6.82,1348,0.78431372549
1390080690969,6.82,1419,0.78431372549
1390080691120,7.44,1594,0.78431372549
1390080691273,7.44,1624,0.78431372549
1390080691424,7.44,1580,0.78431372549
1390080691575,7.44,1542,0.78431372549
1390080691725,7.44,1511,0.78431372549
1390080691875,7.44,1472,0.78431372549
1390080692025,7.44,1441,0.78431372549
1390080692175,6.82,1415,0.78431372549
1390080692326,6.82,1392,0.78431372549
1390080692479,6.2,1357,0.78431372549
1390080692630,6.2,1322,0.78431372549
1390080692782,5.58,1274,0.78431372549
1390080692934,5.58,1219,0.78431372549
1390080693085,4.96,1179,0.78431372549
1390080693236,4.96,1108,0.78431372549
1390080693386,4.34,1056,0.78431372549
1390080693536,4.34,1001,0.78431372549
1390080693688,3.72,952,0.78431372549
1390080693840,3.72,798,0.78431372549
1390080693990,3.1,723,0.78431372549
1390080694143,3.1,659,0.78431372549
1390080694294,2.48,624,0.78431372549
1390080694445,2.48,647,0.78431372549
1390080694596,1.86,652,0.78431372549
1390080694747,1.86,649,0.78431372549
1390080694898,1.24,642,0.78431372549
1390080695048,1.24,649,0.78431372549
1390080695200,0.62,637,0.78431372549
1390080695352,0.62,628,0.78431372549
1390080695503,0.62,626,0.78431372549
1390080695654,0.62,626,0.78431372549
1390080695805,0.62,618,0.78431372549
1390080695956,0.0,619,0.78431372549
1390080696106,0.0,621,0.78431372549
1390080696258,0.0,611,0.78431372549
1390080696408,0.0,606,0.78431372549
1390080696559,0.0,597,0.78431372549
1390080696710,0.0,603,0.78431372549
1390080696861,0.0,601,0.78431372549
1390080697013,0.0,597,0.78431372549
1390080697165,0.0,606,0.78431372549
1390080697316,0.0,599,0.78431372549
1390080697467,0.0,582,0.78431372549
1390080697618,0.0,594,0.78431372549
1390080697769,0.0,587,0.78431372549
1390080697920,0.0,579,0.78431372549
1390080698072,0.0,590,0.78431372549
1390080698223,0.0,582,0.78431372549
1390080698375,0.0,591,0.78431372549
1390080698526,0.0,594,0.78431372549
1390080698677,0.0,593,0.78431372549
1390080698829,0.0,583,0.78431372549
1390080698980,0.0,602,0.78431372549
1390080699131,0.0,604,0.78431372549
1390080699282,0.0,603,0.78431372549
1390080699434,0.0,605,0.78431372549
1390080699585,0.0,589,0.78431372549
1390080699736,0.0,601,0.78431372549
1390080699888,0.0,597,0.78431372549
1390080700039,0.0,597,0.78431372549
1390080700190,0.0,597,0.78431372549
1390080700342,0.0,597,0.78431372549
1390080700493,0.0,603,0.78431372549
1390080700644,0.0,596,0.78431372549
1390080700794,0.0,603,0.78431372549
1390080700945,0.0,602,0.78431372549
1390080701097,0.0,596,0.78431372549
1390080701247,0.0,602,0.78431372549
1390080701399,0.0,593,0.78431372549
1390080701550,0.0,596,0.78431372549
1390080701701,0.0,602,0.78431372549
1390080701852,0.0,595,0.78431372549
1390080702004,0.0,599,0.78431372549
1390080702155,0.0,604,0.78431372549
1390080702306,0.0,597,0.78431372549
1390080702457,0.0,602,0.78431372549
1390080702608,0.0,603,0.78431372549
1390080702759,0.0,601,0.78431372549
1390080702910,0.0,602,0.78431372549
1390080703061,0.0,604,0.78431372549
1390080703212,0.0,608,0.78431372549
1390080703363,0.0,609,0.78431372549
1390080703514,0.0,608,0.78431372549
1390080703665,0.0,597,0.78431372549
1390080703816,0.0,598,0.78431372549
1390080703967,0.0,594,0.78431372549
1390080704118,0.0,599,0.78431372549
1390080704269,0.0,607,0.78431372549
1390080704420,0.0,600,0.78431372549
1390080704572,0.0,604,0.78431372549
1390080704725,0.0,592,0.78431372549
1390080704876,0.0,600,0.78431372549
1390080705028,0.0,598,0.78431372549
1390080705179,0.0,599,0.78431372549
1390080705330,0.0,605,0.78431372549
1390080705481,0.0,595,0.78431372549
1390080705632,0.0,600,0.78431372549
1390080705784,0.0,608,0.78431372549
1390080705936,0.0,604,0.78431372549
1390080706086,0.0,604,0.78431372549
1390080706237,0.0,603,0.78431372549
1390080706388,0.0,595,0.78431372549
1390080706539,0.0,600,0.78431372549
1390080706691,0.0,604,0.78431372549
1390080706842,0.0,598,0.78431372549
1390080706994,0.0,610,0.78431372549
1390080707145,0.0,605,0.78431372549
1390080707296,0.0,608,0.78431372549
1390080707448,0.0,598,0.78431372549
1390080707599,0.0,607,0.78431372549
1390080707751,0.0,609,0.78431372549
1390080707902,0.0,602,0.78431372549
1390080708053,0.0,598,0.78431372549
1390080708204,0.0,601,0.78431372549
1390080708356,0.0,604,0.78431372549
1390080708507,0.0,593,0.78431372549
1390080708657,0.0,590,0.78431372549
1390080708809,0.0,601,0.78431372549
1390080708961,0.0,597,0.78431372549
1390080709113,0.0,597,0.78431372549
1390080709264,0.0,605,0.78431372549
1390080709415,0.0,605,0.78431372549
1390080709566,0.0,602,0.78431372549
1390080709718,0.0,606,0.78431372549
1390080709870,0.0,599,0.78431372549
1390080710022,0.0,588,0.78431372549
1390080710173,0.0,608,0.78431372549
1390080710324,0.0,605,0.78431372549
1390080710475,0.0,598,0.78431372549
1390080710627,0.0,601,0.78431372549
1390080710779,0.0,605,0.78431372549
1390080710930,0.0,602,0.78431372549
1390080711081,0.0,604,0.78431372549
1390080711232,0.0,596,0.78431372549
1390080711384,0.0,603,0.78431372549
1390080711535,0.0,601,0.78431372549
1390080711687,0.0,598,0.78431372549
1390080711838,0.0,604,0.78431372549
1390080711990,0.0,607,0.78431372549
1390080712141,0.0,598,0.78431372549
1390080712293,0.0,601,0.78431372549
1390080712444,0.0,607,0.78431372549
1390080712595,0.0,600,0.78431372549
1390080712748,0.0,607,0.78431372549
1390080712900,0.0,594,0.78431372549
1390080713052,0.0,605,0.78431372549
1390080713203,0.0,594,0.78431372549
1390080713354,0.0,598,0.78431372549
1390080713506,0.0,601,0.78431372549
1390080713657,0.0,602,0.78431372549
1390080713808,0.0,600,0.78431372549
1390080713958,0.0,596,0.78431372549
1390080714108,0.0,608,0.78431372549
1390080714259,0.0,603,0.78431372549
1390080714410,0.0,602,0.78431372549
1390080714561,0.0,599,0.78431372549
1390080714712,0.0,612,0.78431372549
1390080714863,0.0,606,0.78431372549
1390080715014,0.0,600,0.78431372549
1390080715165,0.0,609,0.78431372549
1390080715316,0.0,597,0.78431372549
1390080715468,0.0,604,0.78431372549
1390080715619,0.0,602,0.78431372549
1390080715770,0.0,602,0.78431372549
1390080715922,0.0,593,0.78431372549
1390080716074,0.0,604,0.78431372549
1390080716225,0.0,597,0.78431372549
1390080716377,0.0,600,0.78431372549
1390080716528,0.0,604,0.78431372549
1390080716680,0.0,602,0.78431372549
1390080716832,0.0,604,0.78431372549
1390080716983,0.0,605,0.78431372549
1390080717135,0.0,610,0.78431372549
1390080717286,0.0,612,0.78431372549
1390080717437,0.0,606,0.78431372549
1390080717589,0.0,598,0.78431372549
1390080717741,0.0,600,0.78431372549
1390080717892,0.0,597,0.78431372549
1390080718042,0.0,604,0.78431372549
1390080718195,0.0,607,0.78431372549
1390080718345,0.0,603,0.78431372549
1390080718495,0.0,599,0.78431372549
1390080718645,0.0,599,0.78431372549
1390080718795,0.0,599,0.78431372549
1390080718945,0.0,605,0.78431372549
1390080719095,0.0,593,0.78431372549
1390080719246,0.0,604,0.78431372549
1390080719396,0.0,594,0.78431372549
1390080719546,0.0,597,0.78431372549
1390080719696,0.0,606,0.78431372549
1390080719846,0.0,604,0.78431372549
1390080719999,0.0,598,0.78431372549
1390080720149,0.0,606,0.78431372549
1390080720300,0.0,599,0.78431372549
1390080720452,0.0,598,0.78431372549
1390080720603,0.0,608,0.78431372549
1390080720755,0.0,610,0.78431372549
1390080720906,0.0,602,0.78431372549
1390080721057,0.0,608,0.78431372549
1390080721209,0.0,604,0.78431372549
1390080721360,0.0,600,0.78431372549
1390080721511,0.0,607,0.78431372549
1390080721663,0.0,596,0.78431372549
1390080721815,0.0,594,0.78431372549
1390080721966,0.0,595,0.78431372549
1390080722117,0.0,601,0.78431372549
1390080722268,0.0,607,0.78431372549
1390080722420,0.0,601,0.78431372549
1390080722571,0.0,589,0.78431372549
1390080722723,0.0,597,0.78431372549
1390080722875,0.0,609,0.78431372549
1390080723027,0.0,602,0.78431372549
1390080723179,0.0,600,0.78431372549
1390080723330,0.0,614,0.78431372549
1390080723481,0.0,603,0.78431372549
1390080723632,0.0,610,0.78431372549
1390080723783,0.0,604,0.78431372549
1390080723934,0.0,602,0.78431372549
1390080724084,0.0,608,0.78431372549
1390080724237,0.0,603,0.78431372549
1390080724388,0.0,600,0.78431372549
1390080724539,0.0,603,0.78431372549
1390080724689,0.0,598,0.78431372549
1390080724840,0.0,599,0.78431372549
1390080724991,0.0,599,0.78431372549
1390080725143,0.0,589,0.78431372549
1390080725296,0.0,600,0.78431372549
1390080725447,0.0,604,0.78431372549
1390080725599,0.0,596,0.78431372549
1390080725749,0.0,598,0.78431372549
1390080725900,0.0,595,0.78431372549
1390080726051,0.0,606,0.78431372549
1390080726202,0.0,608,0.78431372549
1390080726353,0.0,594,0.78431372549
1390080726505,0.0,599,0.78431372549
1390080726656,0.0,595,0.78431372549
1390080726807,0.0,607,0.78431372549
1390080726958,0.0,599,0.78431372549
1390080727109,0.0,609,0.78431372549
1390080727260,0.0,601,0.78431372549
1390080727412,0.0,603,0.78431372549
1390080727564,0.0,604,0.78431372549
1390080727716,0.0,603,0.78431372549
1390080727867,0.0,606,0.78431372549
1390080728018,0.0,600,0.78431372549
1390080728169,0.0,600,0.78431372549
1390080728321,0.0,609,0.78431372549
1390080728474,0.0,599,0.78431372549
1390080728626,0.0,607,0.78431372549
1390080728777,0.0,596,0.78431372549
1390080728929,0.0,596,0.78431372549
1390080729080,0.0,610,0.78431372549
1390080729232,0.0,635,0.78431372549
1390080729384,0.0,747,1.17647058824
1390080729537,0.0,972,1.17647058824
1390080729689,0.0,1220,1.17647058824
1390080729840,0.0,1443,1.17647058824
1390080729993,0.62,1690,1.56862745098
1390080730144,1.86,1879,1.56862745098
1390080730295,2.48,2025,1.56862745098
1390080730446,3.72,2119,1.17647058824
1390080730598,4.96,2057,0.78431372549
1390080730749,6.2,1741,0.78431372549
1390080730901,6.82,1653,0.78431372549
1390080731052,6.82,1557,0.78431372549
1390080731203,7.44,1405,0.78431372549
1390080731355,7.44,1237,0.78431372549
1390080731506,7.44,1093,0.78431372549
1390080731657,7.44,951,0.78431372549
1390080731808,7.44,1003,0.78431372549
1390080731960,7.44,1040,0.78431372549
1390080732111,6.82,1059,0.78431372549
1390080732262,6.82,1064,0.78431372549
1390080732414,6.82,1060,0.78431372549
1390080732565,6.82,1047,0.78431372549
1390080732718,6.82,1032,0.78431372549
1390080732869,6.82,1006,0.78431372549
1390080733019,6.82,988,0.78431372549
1390080733172,6.82,958,0.78431372549
1390080733323,6.82,920,0.78431372549
1390080733475,6.82,887,0.78431372549
1390080733626,6.82,851,0.78431372549
1390080733778,6.82,819,0.78431372549
1390080733929,6.82,806,0.78431372549
1390080734080,6.2,767,0.78431372549
1390080734230,6.2,789,0.78431372549
1390080734381,6.2,949,0.78431372549
1390080734532,6.2,1231,1.17647058824
1390080734684,6.2,1417,1.17647058824
1390080734835,6.2,1504,0.78431372549
1390080734987,6.2,1540,0.78431372549
1390080735138,6.82,1457,0.78431372549
1390080735289,7.44,1354,0.78431372549
1390080735440,7.44,1318,0.78431372549
1390080735591,7.44,1264,0.78431372549
1390080735743,7.44,1216,0.78431372549
1390080735894,7.44,1152,0.78431372549
1390080736045,7.44,1108,0.78431372549
1390080736197,7.44,1061,0.78431372549
1390080736348,7.44,1021,0.78431372549
1390080736499,6.82,966,0.78431372549
1390080736651,6.82,920,0.78431372549
1390080736802,6.82,847,0.78431372549
1390080736953,6.82,891,0.78431372549
1390080737104,6.82,1028,0.78431372549
1390080737255,6.82,1146,0.78431372549
1390080737407,6.82,1161,0.78431372549
1390080737558,6.2,1130,0.78431372549
1390080737710,6.2,1096,0.78431372549
1390080737861,6.2,1040,0.78431372549
1390080738012,6.2,993,0.78431372549
1390080738163,6.2,962,0.78431372549
1390080738314,6.2,924,0.78431372549
1390080738465,6.2,888,0.78431372549
1390080738618,5.58,856,0.78431372549
1390080738769,5.58,840,0.78431372549
1390080738921,5.58,821,0.78431372549
1390080739071,5.58,799,0.78431372549
1390080739222,5.58,791,0.78431372549
1390080739374,4.96,789,0.78431372549
1390080739525,4.96,783,0.78431372549
1390080739676,4.34,796,0.78431372549
1390080739828,4.34,795,0.78431372549
1390080739981,3.72,773,0.78431372549
1390080740133,3.1,704,0.78431372549
1390080740285,3.1,661,0.78431372549
1390080740436,2.48,633,0.78431372549
1390080740589,1.86,642,0.78431372549
1390080740740,1.86,655,0.78431372549
1390080740892,1.86,643,0.78431372549
1390080741042,1.86,638,0.78431372549
1390080741195,1.86,649,0.78431372549
1390080741346,1.24,641,0.78431372549
1390080741497,1.24,630,0.78431372549
1390080741647,1.24,628,0.78431372549
1390080741799,1.24,634,0.78431372549
1390080741950,1.24,624,0.78431372549
1390080742102,1.24,625,0.78431372549
1390080742254,0.62,618,0.78431372549
1390080742405,0.62,621,0.78431372549
1390080742556,0.62,610,0.78431372549
1390080742707,0.0,610,0.78431372549
1390080742859,0.0,598,0.78431372549
1390080743011,0.0,599,0.78431372549
1390080743162,0.0,604,0.78431372549
1390080743314,0.0,593,0.78431372549
1390080743464,0.0,601,0.78431372549
1390080743617,0.0,604,0.78431372549
1390080743768,0.0,596,0.78431372549
1390080743918,0.0,607,0.78431372549
1390080744070,0.0,606,0.78431372549
1390080744222,0.0,599,0.78431372549
1390080744372,0.0,610,0.78431372549
1390080744523,0.0,606,0.78431372549
1390080744674,0.0,595,0.78431372549
1390080744825,0.0,601,0.78431372549
1390080744977,0.0,606,0.78431372549
1390080745128,0.0,592,0.78431372549
1390080745280,0.0,591,0.78431372549
1390080745431,0.0,602,0.78431372549
1390080745584,0.0,603,0.78431372549
1390080745735,0.0,598,0.78431372549
1390080745887,0.0,601,0.78431372549
1390080746038,0.0,599,0.78431372549
1390080746190,0.0,602,0.78431372549
1390080746342,0.0,608,0.78431372549
1390080746493,0.0,598,0.78431372549
1390080746644,0.0,599,0.78431372549
1390080746796,0.0,604,0.78431372549
1390080746948,0.0,602,0.78431372549
1390080747099,0.0,592,0.78431372549
1390080747250,0.0,593,0.78431372549
1390080747401,0.0,593,0.78431372549
1390080747553,0.0,595,0.78431372549
1390080747706,0.0,599,0.78431372549
1390080747857,0.0,593,0.78431372549
1390080748010,0.0,601,0.78431372549
1390080748160,0.0,607,0.78431372549
1390080748312,0.0,601,0.78431372549
1390080748463,0.0,608,0.78431372549
1390080748615,0.0,608,0.78431372549
1390080748768,0.0,607,0.78431372549
1390080748920,0.0,598,0.78431372549
1390080749070,0.0,595,0.78431372549
1390080749222,0.0,605,0.78431372549
1390080749373,0.0,592,0.78431372549
1390080749525,0.0,600,0.78431372549
1390080749676,0.0,601,0.78431372549
1390080749828,0.0,589,0.78431372549
1390080749980,0.0,597,0.78431372549
1390080750131,0.0,601,0.78431372549
1390080750283,0.0,597,0.78431372549
1390080750434,0.0,585,0.78431372549
1390080750585,0.0,596,0.78431372549
1390080750736,0.0,611,0.78431372549
1390080750887,0.0,646,0.78431372549
1390080751038,0.0,772,1.17647058824
1390080751190,0.0,1043,1.17647058824
1390080751342,0.0,1306,1.17647058824
1390080751493,0.0,1521,1.17647058824
1390080751644,0.0,1658,1.17647058824
1390080751796,0.62,1697,1.17647058824
1390080751947,1.24,1608,0.78431372549
1390080752099,1.86,1300,0.78431372549
1390080752250,2.48,1166,0.78431372549
1390080752401,2.48,1042,0.78431372549
1390080752552,2.48,927,0.78431372549
1390080752703,2.48,852,0.78431372549
1390080752855,2.48,777,0.78431372549
1390080753006,2.48,718,0.78431372549
1390080753157,2.48,727,0.78431372549
1390080753310,1.86,705,0.78431372549
1390080753461,1.86,691,0.78431372549
1390080753612,1.86,700,0.78431372549
1390080753764,1.24,673,0.78431372549
1390080753915,1.24,672,0.78431372549
1390080754067,1.24,664,0.78431372549
1390080754217,0.62,650,0.78431372549
1390080754368,0.62,645,0.78431372549
1390080754519,0.62,634,0.78431372549
1390080754671,0.0,632,0.78431372549
1390080754822,0.0,623,0.78431372549
1390080754974,0.0,608,0.78431372549
1390080755126,0.0,608,0.78431372549
1390080755277,0.0,593,0.78431372549
1390080755430,0.0,595,0.78431372549
1390080755581,0.0,603,0.78431372549
1390080755732,0.0,604,0.78431372549
1390080755884,0.0,607,0.78431372549
1390080756035,0.0,607,0.78431372549
1390080756186,0.0,599,0.78431372549
1390080756336,0.0,593,0.78431372549
1390080756489,0.0,594,0.78431372549
1390080756640,0.0,593,0.78431372549
1390080756791,0.0,590,0.78431372549
1390080756942,0.0,594,0.78431372549
1390080757092,0.0,593,0.78431372549
1390080757246,0.0,599,0.78431372549
1390080757398,0.0,600,0.78431372549
1390080757550,0.0,598,0.78431372549
1390080757701,0.0,597,0.78431372549
1390080757852,0.0,590,0.78431372549
1390080758004,0.0,594,0.78431372549
1390080758156,0.0,595,0.78431372549
1390080758306,0.0,598,0.78431372549
1390080758457,0.0,595,0.78431372549
1390080758609,0.0,589,0.78431372549
1390080758760,0.0,594,0.78431372549
1390080758912,0.0,604,0.78431372549
1390080759064,0.0,601,0.78431372549
1390080759215,0.0,600,0.78431372549
1390080759366,0.0,599,0.78431372549
1390080759517,0.0,608,0.78431372549
1390080759669,0.0,608,0.78431372549
1390080759820,0.0,598,0.78431372549
1390080759972,0.0,605,0.78431372549
1390080760123,0.0,602,0.78431372549
1390080760275,0.0,600,0.78431372549
1390080760427,0.0,599,0.78431372549
1390080760578,0.0,596,0.78431372549
1390080760730,0.0,602,0.78431372549
1390080760882,0.0,601,0.78431372549
1390080761033,0.0,597,0.78431372549
1390080761185,0.0,597,0.78431372549
1390080761336,0.0,584,0.78431372549
1390080761487,0.0,602,0.78431372549
1390080761638,0.0,607,0.78431372549
1390080761789,0.0,601,0.78431372549
1390080761939,0.0,609,0.78431372549
1390080762089,0.0,609,0.78431372549
1390080762239,0.0,607,0.78431372549
1390080762389,0.0,613,0.78431372549
1390080762539,0.0,600,0.78431372549
1390080762691,0.0,609,0.78431372549
1390080762844,0.0,602,0.78431372549
1390080762995,0.0,602,0.78431372549
1390080763147,0.0,607,0.78431372549
1390080763298,0.0,591,0.78431372549
1390080763449,0.0,606,0.78431372549
1390080763601,0.0,604,0.78431372549
1390080763752,0.0,590,0.78431372549
1390080763903,0.0,604,0.78431372549
1390080764053,0.0,599,0.78431372549
1390080764205,0.0,595,0.78431372549
1390080764356,0.0,606,0.78431372549
1390080764508,0.0,613,0.78431372549
1390080764658,0.0,608,0.78431372549
1390080764809,0.0,605,0.78431372549
1390080764961,0.0,600,0.78431372549
1390080765112,0.0,602,0.78431372549
1390080765265,0.0,604,0.78431372549
1390080765416,0.0,605,0.78431372549
1390080765567,0.0,597,0.78431372549
1390080765719,0.0,604,0.78431372549
1390080765871,0.0,593,0.78431372549
1390080766022,0.0,598,0.78431372549
1390080766172,0.0,606,0.78431372549
1390080766323,0.0,600,0.78431372549
1390080766475,0.0,598,0.78431372549
1390080766627,0.0,600,0.78431372549
1390080766779,0.0,606,0.78431372549
1390080766931,0.0,595,0.78431372549
1390080767084,0.0,598,0.78431372549
1390080767234,0.0,610,0.78431372549
1390080767385,0.0,599,0.78431372549
1390080767536,0.0,600,0.78431372549
1390080767687,0.0,602,0.78431372549
1390080767839,0.0,606,0.78431372549
1390080767990,0.0,596,0.78431372549
1390080768140,0.0,599,0.78431372549
1390080768292,0.0,611,0.78431372549
1390080768443,0.0,611,0.78431372549
1390080768594,0.0,603,0.78431372549
1390080768745,0.0,611,0.78431372549
1390080768897,0.0,604,0.78431372549
1390080769049,0.0,606,0.78431372549
1390080769201,0.0,601,0.78431372549
1390080769351,0.0,606,0.78431372549
1390080769502,0.0,602,0.78431372549
1390080769654,0.0,592,0.78431372549
1390080769804,0.0,595,0.78431372549
1390080769955,0.0,592,0.78431372549
1390080770106,0.0,598,0.78431372549
1390080770263,0.0,599,0.78431372549
1390080770414,0.0,601,0.78431372549
1390080770564,0.0,610,0.78431372549
1390080770716,0.0,604,0.78431372549
1390080770867,0.0,609,0.78431372549
1390080771018,0.0,608,0.78431372549
1390080771169,0.0,611,0.78431372549
1390080771320,0.0,612,0.78431372549
1390080771472,0.0,617,0.78431372549
1390080771623,0.0,623,0.78431372549
1390080771774,0.0,615,0.78431372549
1390080771926,0.0,640,0.78431372549
1390080772078,0.0,722,0.78431372549
1390080772228,0.0,917,0.78431372549
1390080772379,0.0,1039,0.78431372549
1390080772529,0.0,1027,0.78431372549
1390080772681,0.0,903,0.78431372549
1390080772832,0.0,767,0.78431372549
1390080772984,0.0,769,0.78431372549
1390080773135,0.0,750,0.78431372549
1390080773287,0.0,738,0.78431372549
1390080773438,0.0,719,0.78431372549
1390080773589,0.0,702,0.78431372549
1390080773742,0.0,709,0.78431372549
1390080773893,0.0,707,0.78431372549
1390080774044,0.0,705,0.78431372549
1390080774196,0.0,741,0.78431372549
1390080774347,0.0,864,0.78431372549
1390080774498,0.0,1018,0.78431372549
1390080774649,0.0,1172,0.78431372549
1390080774799,0.0,1172,0.78431372549
1390080774949,0.0,1024,0.78431372549
1390080775100,0.0,855,0.78431372549
1390080775251,0.0,722,0.78431372549
1390080775402,0.62,706,0.78431372549
1390080775554,0.62,750,0.78431372549
1390080775706,0.62,767,0.78431372549
1390080775856,0.62,756,0.78431372549
1390080776007,0.62,753,0.78431372549
1390080776158,0.62,739,0.78431372549
1390080776310,0.62,778,0.78431372549
1390080776461,0.0,873,0.78431372549
1390080776613,0.0,1052,0.78431372549
1390080776765,0.0,1201,0.78431372549
1390080776917,0.62,1271,0.78431372549
1390080777069,0.62,1224,0.78431372549
1390080777220,0.62,1003,0.78431372549
1390080777373,1.24,822,0.78431372549
1390080777523,1.24,806,0.78431372549
1390080777673,1.24,787,0.78431372549
1390080777825,1.24,772,0.78431372549
1390080777977,1.24,773,0.78431372549
1390080778127,1.24,760,0.78431372549
